Product Id;Product Handle;Product Title;Product Subtitle;Product Description;Product Status;Product Thumbnail;Product Weight;Product Length;Product Width;Product Height;Product HS Code;Product Origin Country;Product MID Code;Product Material;Product Collection Title;Product Collection Handle;Product Type;Product Tags;Product Discountable;Product External Id;Product Profile Name;Product Profile Type;Variant Id;Variant Title;Variant SKU;Variant Barcode;Variant Inventory Quantity;Variant Allow Backorder;Variant Manage Inventory;Variant Weight;Variant Length;Variant Width;Variant Height;Variant HS Code;Variant Origin Country;Variant MID Code;Variant Material;Price EUR;Price USD;Option 1 Name;Option 1 Value;Option 2 Name;Option 2 Value;Image 1 Url;Image 2 Url;Image 3 Url;Image 4 Url;Sales Channel 1 Id;Sales Channel 1 Name;Sales Channel 1 Description
prod_01J0D0B391B4R6GXFSW1CAHT0P;Sonata-Watch;Sonata;Sonata Poze Quartz Analog White Dial Leather Strap Watch for Men;"The Sonata Poze Quartz Analog White Dial Leather Strap Watch for Men is a stylish timepiece featuring a clean white dial with clear hour markers, housed in a durable stainless steel case. It comes with a comfortable leather strap and offers precise quartz movement with water resistance up to 30 meters, making it a versatile accessory for both casual and formal occasions.";published;http://localhost:9000/uploads/1718423489798-SP70027SL01W_1.jpg;9;47;41;11;VSBSG75892;IN;VSBSG75892;Mineral Glass;Merch;merch;;"watch,men,style,trending,sonata,sonatawatch";true;;Default Shipping Profile;default;variant_01J0D0B3AYNVWVT5PAMT01FR3H;Sonata-watch;ABC-p;8596217;10;false;true;50;47;41;9;VPBSG75883;IN;VSBSG75892;Mineral-Glass;;;Color;Grey;;;http://localhost:9000/uploads/1718423489770-SP70027SL01W_2.jpg;http://localhost:9000/uploads/1718423489770-SP70027SL01W_4.jpg;http://localhost:9000/uploads/1718423489771-SP70027SL01W_5.jpg;;Default Sales Channel;Default Sales Channel;Created by Medusa
prod_01J0CXM7BS0WM70T4S3T1M5VMF;coffee-mug;Medusa Coffee Mug;;Every programmer's best friend.;published;https://medusa-public-images.s3.eu-west-1.amazonaws.com/coffee-mug.png;400;;;;;;;;Merch;merch;;;true;;Default Shipping Profile;default;variant_01J0CXM7FR5TTWT1X8G6PH6MCS;One Size;;;100;false;true;;;;;;;;;12;12;Size;One Size;;;https://medusa-public-images.s3.eu-west-1.amazonaws.com/coffee-mug.png;;;;Default Sales Channel;Default Sales Channel;Created by Medusa
prod_01J0CXM7BVKV2CZK21P6KHX49Q;longsleeve;Medusa Longsleeve;;"Reimagine the feeling of a classic longsleeve. With our cotton longsleeve, everyday essentials no longer have to be ordinary.";published;https://medusa-public-images.s3.eu-west-1.amazonaws.com/ls-black-front.png;400;;;;;;;;Merch;merch;;;true;;Default Shipping Profile;default;variant_01J0CXM7FZKJ9K9C6K3G4BDZS5;S;;;100;false;true;;;;;;;;;41.5;41.5;Size;S;;;https://medusa-public-images.s3.eu-west-1.amazonaws.com/ls-black-front.png;https://medusa-public-images.s3.eu-west-1.amazonaws.com/ls-black-back.png;;;Default Sales Channel;Default Sales Channel;Created by Medusa
prod_01J0CXM7BVKV2CZK21P6KHX49Q;longsleeve;Medusa Longsleeve;;"Reimagine the feeling of a classic longsleeve. With our cotton longsleeve, everyday essentials no longer have to be ordinary.";published;https://medusa-public-images.s3.eu-west-1.amazonaws.com/ls-black-front.png;400;;;;;;;;Merch;merch;;;true;;Default Shipping Profile;default;variant_01J0CXM7G0DHHY4V7BRG984ENH;M;;;100;false;true;;;;;;;;;41.5;41.5;Size;M;;;https://medusa-public-images.s3.eu-west-1.amazonaws.com/ls-black-front.png;https://medusa-public-images.s3.eu-west-1.amazonaws.com/ls-black-back.png;;;Default Sales Channel;Default Sales Channel;Created by Medusa
prod_01J0CXM7BVKV2CZK21P6KHX49Q;longsleeve;Medusa Longsleeve;;"Reimagine the feeling of a classic longsleeve. With our cotton longsleeve, everyday essentials no longer have to be ordinary.";published;https://medusa-public-images.s3.eu-west-1.amazonaws.com/ls-black-front.png;400;;;;;;;;Merch;merch;;;true;;Default Shipping Profile;default;variant_01J0CXM7G029V3AY96DWB9S9RB;L;;;100;false;true;;;;;;;;;41.5;41.5;Size;L;;;https://medusa-public-images.s3.eu-west-1.amazonaws.com/ls-black-front.png;https://medusa-public-images.s3.eu-west-1.amazonaws.com/ls-black-back.png;;;Default Sales Channel;Default Sales Channel;Created by Medusa
prod_01J0CXM7BVKV2CZK21P6KHX49Q;longsleeve;Medusa Longsleeve;;"Reimagine the feeling of a classic longsleeve. With our cotton longsleeve, everyday essentials no longer have to be ordinary.";published;https://medusa-public-images.s3.eu-west-1.amazonaws.com/ls-black-front.png;400;;;;;;;;Merch;merch;;;true;;Default Shipping Profile;default;variant_01J0CXM7G1AT3F9AG75HHCHF1F;XL;;;100;false;true;;;;;;;;;41.5;41.5;Size;XL;;;https://medusa-public-images.s3.eu-west-1.amazonaws.com/ls-black-front.png;https://medusa-public-images.s3.eu-west-1.amazonaws.com/ls-black-back.png;;;Default Sales Channel;Default Sales Channel;Created by Medusa
prod_01J0CXM79WZHVZ6G669MVSJ90C;hoodie;Medusa Hoodie;;"Reimagine the feeling of a classic hoodie. With our cotton hoodie, everyday essentials no longer have to be ordinary.";published;https://medusa-public-images.s3.eu-west-1.amazonaws.com/black_hoodie_front.png;400;;;;;;;;Merch;merch;;;true;;Default Shipping Profile;default;variant_01J0CXM7D7MHCZCMCS9EXCSMJE;S;;;100;false;true;;;;;;;;;41.5;41.5;Size;S;;;https://medusa-public-images.s3.eu-west-1.amazonaws.com/black_hoodie_front.png;https://medusa-public-images.s3.eu-west-1.amazonaws.com/black_hoodie_back.png;;;Default Sales Channel;Default Sales Channel;Created by Medusa
prod_01J0CXM79WZHVZ6G669MVSJ90C;hoodie;Medusa Hoodie;;"Reimagine the feeling of a classic hoodie. With our cotton hoodie, everyday essentials no longer have to be ordinary.";published;https://medusa-public-images.s3.eu-west-1.amazonaws.com/black_hoodie_front.png;400;;;;;;;;Merch;merch;;;true;;Default Shipping Profile;default;variant_01J0CXM7D86RZNB5VNFJBZCXHP;M;;;100;false;true;;;;;;;;;41.5;41.5;Size;M;;;https://medusa-public-images.s3.eu-west-1.amazonaws.com/black_hoodie_front.png;https://medusa-public-images.s3.eu-west-1.amazonaws.com/black_hoodie_back.png;;;Default Sales Channel;Default Sales Channel;Created by Medusa
prod_01J0CXM79WZHVZ6G669MVSJ90C;hoodie;Medusa Hoodie;;"Reimagine the feeling of a classic hoodie. With our cotton hoodie, everyday essentials no longer have to be ordinary.";published;https://medusa-public-images.s3.eu-west-1.amazonaws.com/black_hoodie_front.png;400;;;;;;;;Merch;merch;;;true;;Default Shipping Profile;default;variant_01J0CXM7D9PRPR8ZSR6W67PGDJ;L;;;100;false;true;;;;;;;;;41.5;41.5;Size;L;;;https://medusa-public-images.s3.eu-west-1.amazonaws.com/black_hoodie_front.png;https://medusa-public-images.s3.eu-west-1.amazonaws.com/black_hoodie_back.png;;;Default Sales Channel;Default Sales Channel;Created by Medusa
prod_01J0CXM79WZHVZ6G669MVSJ90C;hoodie;Medusa Hoodie;;"Reimagine the feeling of a classic hoodie. With our cotton hoodie, everyday essentials no longer have to be ordinary.";published;https://medusa-public-images.s3.eu-west-1.amazonaws.com/black_hoodie_front.png;400;;;;;;;;Merch;merch;;;true;;Default Shipping Profile;default;variant_01J0CXM7DAWJ0QZWHA9NTYGKS5;XL;;;100;false;true;;;;;;;;;41.5;41.5;Size;XL;;;https://medusa-public-images.s3.eu-west-1.amazonaws.com/black_hoodie_front.png;https://medusa-public-images.s3.eu-west-1.amazonaws.com/black_hoodie_back.png;;;Default Sales Channel;Default Sales Channel;Created by Medusa
prod_01J0CXM751ZP6XEV1RVXAHHZZN;shorts;Medusa Shorts;;"Reimagine the feeling of classic shorts. With our cotton shorts, everyday essentials no longer have to be ordinary.";published;https://medusa-public-images.s3.eu-west-1.amazonaws.com/shorts-vintage-front.png;400;;;;;;;;Merch;merch;;;true;;Default Shipping Profile;default;variant_01J0CXM7A8SV58DD6SQPNQG5YZ;S;;;100;false;true;;;;;;;;;28.5;28.5;Size;S;;;https://medusa-public-images.s3.eu-west-1.amazonaws.com/shorts-vintage-front.png;https://medusa-public-images.s3.eu-west-1.amazonaws.com/shorts-vintage-back.png;;;Default Sales Channel;Default Sales Channel;Created by Medusa
prod_01J0CXM751ZP6XEV1RVXAHHZZN;shorts;Medusa Shorts;;"Reimagine the feeling of classic shorts. With our cotton shorts, everyday essentials no longer have to be ordinary.";published;https://medusa-public-images.s3.eu-west-1.amazonaws.com/shorts-vintage-front.png;400;;;;;;;;Merch;merch;;;true;;Default Shipping Profile;default;variant_01J0CXM7A9Y7B6EM9VFEQTWP97;M;;;100;false;true;;;;;;;;;28.5;28.5;Size;M;;;https://medusa-public-images.s3.eu-west-1.amazonaws.com/shorts-vintage-front.png;https://medusa-public-images.s3.eu-west-1.amazonaws.com/shorts-vintage-back.png;;;Default Sales Channel;Default Sales Channel;Created by Medusa
prod_01J0CXM751ZP6XEV1RVXAHHZZN;shorts;Medusa Shorts;;"Reimagine the feeling of classic shorts. With our cotton shorts, everyday essentials no longer have to be ordinary.";published;https://medusa-public-images.s3.eu-west-1.amazonaws.com/shorts-vintage-front.png;400;;;;;;;;Merch;merch;;;true;;Default Shipping Profile;default;variant_01J0CXM7ACJ93ZPJGGQ48VM06P;L;;;100;false;true;;;;;;;;;28.5;28.5;Size;L;;;https://medusa-public-images.s3.eu-west-1.amazonaws.com/shorts-vintage-front.png;https://medusa-public-images.s3.eu-west-1.amazonaws.com/shorts-vintage-back.png;;;Default Sales Channel;Default Sales Channel;Created by Medusa
prod_01J0CXM751ZP6XEV1RVXAHHZZN;shorts;Medusa Shorts;;"Reimagine the feeling of classic shorts. With our cotton shorts, everyday essentials no longer have to be ordinary.";published;https://medusa-public-images.s3.eu-west-1.amazonaws.com/shorts-vintage-front.png;400;;;;;;;;Merch;merch;;;true;;Default Shipping Profile;default;variant_01J0CXM7ADFTG5MA9BZBQ5QN8T;XL;;;100;false;true;;;;;;;;;28.5;28.5;Size;XL;;;https://medusa-public-images.s3.eu-west-1.amazonaws.com/shorts-vintage-front.png;https://medusa-public-images.s3.eu-west-1.amazonaws.com/shorts-vintage-back.png;;;Default Sales Channel;Default Sales Channel;Created by Medusa
prod_01J0CXM70SWAPXM5YED7EDZJXH;sweatpants;Medusa Sweatpants;;"Reimagine the feeling of classic sweatpants. With our cotton sweatpants, everyday essentials no longer have to be ordinary.";published;https://medusa-public-images.s3.eu-west-1.amazonaws.com/sweatpants-gray-front.png;400;;;;;;;;Merch;merch;;;true;;Default Shipping Profile;default;variant_01J0CXM75STVYEZK0BV5HZ28V7;S;;;100;false;true;;;;;;;;;33.5;33.5;Size;S;;;https://medusa-public-images.s3.eu-west-1.amazonaws.com/sweatpants-gray-front.png;https://medusa-public-images.s3.eu-west-1.amazonaws.com/sweatpants-gray-back.png;;;Default Sales Channel;Default Sales Channel;Created by Medusa
prod_01J0CXM70SWAPXM5YED7EDZJXH;sweatpants;Medusa Sweatpants;;"Reimagine the feeling of classic sweatpants. With our cotton sweatpants, everyday essentials no longer have to be ordinary.";published;https://medusa-public-images.s3.eu-west-1.amazonaws.com/sweatpants-gray-front.png;400;;;;;;;;Merch;merch;;;true;;Default Shipping Profile;default;variant_01J0CXM75TK63SRG7J9AVPDRDW;M;;;100;false;true;;;;;;;;;33.5;33.5;Size;M;;;https://medusa-public-images.s3.eu-west-1.amazonaws.com/sweatpants-gray-front.png;https://medusa-public-images.s3.eu-west-1.amazonaws.com/sweatpants-gray-back.png;;;Default Sales Channel;Default Sales Channel;Created by Medusa
prod_01J0CXM70SWAPXM5YED7EDZJXH;sweatpants;Medusa Sweatpants;;"Reimagine the feeling of classic sweatpants. With our cotton sweatpants, everyday essentials no longer have to be ordinary.";published;https://medusa-public-images.s3.eu-west-1.amazonaws.com/sweatpants-gray-front.png;400;;;;;;;;Merch;merch;;;true;;Default Shipping Profile;default;variant_01J0CXM75TMFTQJVTGQ4P3F91W;L;;;100;false;true;;;;;;;;;33.5;33.5;Size;L;;;https://medusa-public-images.s3.eu-west-1.amazonaws.com/sweatpants-gray-front.png;https://medusa-public-images.s3.eu-west-1.amazonaws.com/sweatpants-gray-back.png;;;Default Sales Channel;Default Sales Channel;Created by Medusa
prod_01J0CXM70SWAPXM5YED7EDZJXH;sweatpants;Medusa Sweatpants;;"Reimagine the feeling of classic sweatpants. With our cotton sweatpants, everyday essentials no longer have to be ordinary.";published;https://medusa-public-images.s3.eu-west-1.amazonaws.com/sweatpants-gray-front.png;400;;;;;;;;Merch;merch;;;true;;Default Shipping Profile;default;variant_01J0CXM75T5TC4Z5R54X4X90RB;XL;;;100;false;true;;;;;;;;;33.5;33.5;Size;XL;;;https://medusa-public-images.s3.eu-west-1.amazonaws.com/sweatpants-gray-front.png;https://medusa-public-images.s3.eu-west-1.amazonaws.com/sweatpants-gray-back.png;;;Default Sales Channel;Default Sales Channel;Created by Medusa
prod_01J0CXM6X7CEAD6CXYNZ4B57Y0;sweatshirt;Medusa Sweatshirt;;"Reimagine the feeling of a classic sweatshirt. With our cotton sweatshirt, everyday essentials no longer have to be ordinary.";published;https://medusa-public-images.s3.eu-west-1.amazonaws.com/sweatshirt-vintage-front.png;400;;;;;;;;Merch;merch;;;true;;Default Shipping Profile;default;variant_01J0CXM6YTC2D1SKHYXGN1GAEX;S;;;100;false;true;;;;;;;;;33.5;33.5;Size;S;;;https://medusa-public-images.s3.eu-west-1.amazonaws.com/sweatshirt-vintage-front.png;https://medusa-public-images.s3.eu-west-1.amazonaws.com/sweatshirt-vintage-back.png;;;Default Sales Channel;Default Sales Channel;Created by Medusa
prod_01J0CXM6X7CEAD6CXYNZ4B57Y0;sweatshirt;Medusa Sweatshirt;;"Reimagine the feeling of a classic sweatshirt. With our cotton sweatshirt, everyday essentials no longer have to be ordinary.";published;https://medusa-public-images.s3.eu-west-1.amazonaws.com/sweatshirt-vintage-front.png;400;;;;;;;;Merch;merch;;;true;;Default Shipping Profile;default;variant_01J0CXM6YWDW7FVDXMT2MM18BF;M;;;100;false;true;;;;;;;;;33.5;33.5;Size;M;;;https://medusa-public-images.s3.eu-west-1.amazonaws.com/sweatshirt-vintage-front.png;https://medusa-public-images.s3.eu-west-1.amazonaws.com/sweatshirt-vintage-back.png;;;Default Sales Channel;Default Sales Channel;Created by Medusa
prod_01J0CXM6X7CEAD6CXYNZ4B57Y0;sweatshirt;Medusa Sweatshirt;;"Reimagine the feeling of a classic sweatshirt. With our cotton sweatshirt, everyday essentials no longer have to be ordinary.";published;https://medusa-public-images.s3.eu-west-1.amazonaws.com/sweatshirt-vintage-front.png;400;;;;;;;;Merch;merch;;;true;;Default Shipping Profile;default;variant_01J0CXM6YX443Q4M3S6KCP5DJ8;L;;;100;false;true;;;;;;;;;33.5;33.5;Size;L;;;https://medusa-public-images.s3.eu-west-1.amazonaws.com/sweatshirt-vintage-front.png;https://medusa-public-images.s3.eu-west-1.amazonaws.com/sweatshirt-vintage-back.png;;;Default Sales Channel;Default Sales Channel;Created by Medusa
prod_01J0CXM6X7CEAD6CXYNZ4B57Y0;sweatshirt;Medusa Sweatshirt;;"Reimagine the feeling of a classic sweatshirt. With our cotton sweatshirt, everyday essentials no longer have to be ordinary.";published;https://medusa-public-images.s3.eu-west-1.amazonaws.com/sweatshirt-vintage-front.png;400;;;;;;;;Merch;merch;;;true;;Default Shipping Profile;default;variant_01J0CXM6YY0YVXE048Z7D2PYNV;XL;;;100;false;true;;;;;;;;;33.5;33.5;Size;XL;;;https://medusa-public-images.s3.eu-west-1.amazonaws.com/sweatshirt-vintage-front.png;https://medusa-public-images.s3.eu-west-1.amazonaws.com/sweatshirt-vintage-back.png;;;Default Sales Channel;Default Sales Channel;Created by Medusa
prod_01J0CXM6SV2D6MKXJ86EY84A9Y;medusa-t-shirt;Medusa T-Shirt;;"Reimagine the feeling of a classic T-shirt. With our cotton T-shirts, everyday essentials no longer have to be ordinary.";published;https://medusa-public-images.s3.eu-west-1.amazonaws.com/tee-black-front.png;400;;;;;;;;Merch;merch;;;true;;Default Shipping Profile;default;variant_01J0CXM6W8Q5JCWR2ZHEVWRPVC;S / Black;;;100;false;true;;;;;;;;;22;22;Size;S;Color;Black;https://medusa-public-images.s3.eu-west-1.amazonaws.com/tee-black-front.png;https://medusa-public-images.s3.eu-west-1.amazonaws.com/tee-black-back.png;https://medusa-public-images.s3.eu-west-1.amazonaws.com/tee-white-front.png;https://medusa-public-images.s3.eu-west-1.amazonaws.com/tee-white-back.png;Default Sales Channel;Default Sales Channel;Created by Medusa
prod_01J0CXM6SV2D6MKXJ86EY84A9Y;medusa-t-shirt;Medusa T-Shirt;;"Reimagine the feeling of a classic T-shirt. With our cotton T-shirts, everyday essentials no longer have to be ordinary.";published;https://medusa-public-images.s3.eu-west-1.amazonaws.com/tee-black-front.png;400;;;;;;;;Merch;merch;;;true;;Default Shipping Profile;default;variant_01J0CXM6WAJRP7J50BHVNNFRSC;S / White;;;100;false;true;;;;;;;;;22;22;Size;S;Color;White;https://medusa-public-images.s3.eu-west-1.amazonaws.com/tee-black-front.png;https://medusa-public-images.s3.eu-west-1.amazonaws.com/tee-black-back.png;https://medusa-public-images.s3.eu-west-1.amazonaws.com/tee-white-front.png;https://medusa-public-images.s3.eu-west-1.amazonaws.com/tee-white-back.png;Default Sales Channel;Default Sales Channel;Created by Medusa
prod_01J0CXM6SV2D6MKXJ86EY84A9Y;medusa-t-shirt;Medusa T-Shirt;;"Reimagine the feeling of a classic T-shirt. With our cotton T-shirts, everyday essentials no longer have to be ordinary.";published;https://medusa-public-images.s3.eu-west-1.amazonaws.com/tee-black-front.png;400;;;;;;;;Merch;merch;;;true;;Default Shipping Profile;default;variant_01J0CXM6WBWG6GXGG36HTT8HJR;M / Black;;;100;false;true;;;;;;;;;22;22;Size;M;Color;Black;https://medusa-public-images.s3.eu-west-1.amazonaws.com/tee-black-front.png;https://medusa-public-images.s3.eu-west-1.amazonaws.com/tee-black-back.png;https://medusa-public-images.s3.eu-west-1.amazonaws.com/tee-white-front.png;https://medusa-public-images.s3.eu-west-1.amazonaws.com/tee-white-back.png;Default Sales Channel;Default Sales Channel;Created by Medusa
prod_01J0CXM6SV2D6MKXJ86EY84A9Y;medusa-t-shirt;Medusa T-Shirt;;"Reimagine the feeling of a classic T-shirt. With our cotton T-shirts, everyday essentials no longer have to be ordinary.";published;https://medusa-public-images.s3.eu-west-1.amazonaws.com/tee-black-front.png;400;;;;;;;;Merch;merch;;;true;;Default Shipping Profile;default;variant_01J0CXM6WCF4K94VQVADS8ACAB;M / White;;;100;false;true;;;;;;;;;22;22;Size;M;Color;White;https://medusa-public-images.s3.eu-west-1.amazonaws.com/tee-black-front.png;https://medusa-public-images.s3.eu-west-1.amazonaws.com/tee-black-back.png;https://medusa-public-images.s3.eu-west-1.amazonaws.com/tee-white-front.png;https://medusa-public-images.s3.eu-west-1.amazonaws.com/tee-white-back.png;Default Sales Channel;Default Sales Channel;Created by Medusa
prod_01J0CXM6SV2D6MKXJ86EY84A9Y;medusa-t-shirt;Medusa T-Shirt;;"Reimagine the feeling of a classic T-shirt. With our cotton T-shirts, everyday essentials no longer have to be ordinary.";published;https://medusa-public-images.s3.eu-west-1.amazonaws.com/tee-black-front.png;400;;;;;;;;Merch;merch;;;true;;Default Shipping Profile;default;variant_01J0CXM6WEH6ZM7JA59ERRA9RD;L / Black;;;100;false;true;;;;;;;;;22;22;Size;L;Color;Black;https://medusa-public-images.s3.eu-west-1.amazonaws.com/tee-black-front.png;https://medusa-public-images.s3.eu-west-1.amazonaws.com/tee-black-back.png;https://medusa-public-images.s3.eu-west-1.amazonaws.com/tee-white-front.png;https://medusa-public-images.s3.eu-west-1.amazonaws.com/tee-white-back.png;Default Sales Channel;Default Sales Channel;Created by Medusa
prod_01J0CXM6SV2D6MKXJ86EY84A9Y;medusa-t-shirt;Medusa T-Shirt;;"Reimagine the feeling of a classic T-shirt. With our cotton T-shirts, everyday essentials no longer have to be ordinary.";published;https://medusa-public-images.s3.eu-west-1.amazonaws.com/tee-black-front.png;400;;;;;;;;Merch;merch;;;true;;Default Shipping Profile;default;variant_01J0CXM6WFDPZHJ9RPYC0ZSE2J;L / White;;;100;false;true;;;;;;;;;22;22;Size;L;Color;White;https://medusa-public-images.s3.eu-west-1.amazonaws.com/tee-black-front.png;https://medusa-public-images.s3.eu-west-1.amazonaws.com/tee-black-back.png;https://medusa-public-images.s3.eu-west-1.amazonaws.com/tee-white-front.png;https://medusa-public-images.s3.eu-west-1.amazonaws.com/tee-white-back.png;Default Sales Channel;Default Sales Channel;Created by Medusa
prod_01J0CXM6SV2D6MKXJ86EY84A9Y;medusa-t-shirt;Medusa T-Shirt;;"Reimagine the feeling of a classic T-shirt. With our cotton T-shirts, everyday essentials no longer have to be ordinary.";published;https://medusa-public-images.s3.eu-west-1.amazonaws.com/tee-black-front.png;400;;;;;;;;Merch;merch;;;true;;Default Shipping Profile;default;variant_01J0CXM6WGPT5FB6EEM09V69CP;XL / Black;;;100;false;true;;;;;;;;;22;22;Size;XL;Color;Black;https://medusa-public-images.s3.eu-west-1.amazonaws.com/tee-black-front.png;https://medusa-public-images.s3.eu-west-1.amazonaws.com/tee-black-back.png;https://medusa-public-images.s3.eu-west-1.amazonaws.com/tee-white-front.png;https://medusa-public-images.s3.eu-west-1.amazonaws.com/tee-white-back.png;Default Sales Channel;Default Sales Channel;Created by Medusa
prod_01J0CXM6SV2D6MKXJ86EY84A9Y;medusa-t-shirt;Medusa T-Shirt;;"Reimagine the feeling of a classic T-shirt. With our cotton T-shirts, everyday essentials no longer have to be ordinary.";published;https://medusa-public-images.s3.eu-west-1.amazonaws.com/tee-black-front.png;400;;;;;;;;Merch;merch;;;true;;Default Shipping Profile;default;variant_01J0CXM6WHDF620NK73QFFX0TR;XL / White;;;100;false;true;;;;;;;;;22;22;Size;XL;Color;White;https://medusa-public-images.s3.eu-west-1.amazonaws.com/tee-black-front.png;https://medusa-public-images.s3.eu-west-1.amazonaws.com/tee-black-back.png;https://medusa-public-images.s3.eu-west-1.amazonaws.com/tee-white-front.png;https://medusa-public-images.s3.eu-west-1.amazonaws.com/tee-white-back.png;Default Sales Channel;Default Sales Channel;Created by Medusa
