Product Id;Product Handle;Product Title;Product Subtitle;Product Description;Product Status;Product Thumbnail;Product Weight;Product Length;Product Width;Product Height;Product HS Code;Product Origin Country;Product MID Code;Product Material;Product Collection Title;Product Collection Handle;Product Type;Product Tags;Product Discountable;Product External Id;Product Profile Name;Product Profile Type;Variant Id;Variant Title;Variant SKU;Variant Barcode;Variant Inventory Quantity;Variant Allow Backorder;Variant Manage Inventory;Variant Weight;Variant Length;Variant Width;Variant Height;Variant HS Code;Variant Origin Country;Variant MID Code;Variant Material;Price EUR;Price INR;Price USD;Option 1 Name;Option 1 Value;Option 2 Name;Option 2 Value;Image 1 Url;Image 2 Url;Image 3 Url;Image 4 Url;Sales Channel 1 Id;Sales Channel 1 Name;Sales Channel 1 Description
prod_01J0CYE94ZSCVGY0VMXMR33RW6;sonata-watch;Sonata Watch;Sonata Poze Quartz Analog Black Dial Metal Strap Watch for Men;"The Sonata Poze Quartz Analog Black Dial Metal Strap Watch for Men is a stylish and elegant timepiece designed for modern men. Featuring a sleek black dial with a metal strap, this watch combines sophistication with durability. It offers reliable quartz movement for accurate timekeeping and has a robust build suitable for everyday wear. The design is versatile, making it perfect for both formal and casual occasions. With its appealing aesthetics and functionality, it represents excellent value for money.";published;http://localhost:9000/uploads/1718421495717-main_img.jpg;72;48;45;11;12;IN;1;Mineral Glass;Merch;merch;;"watch,new,style,sonata,sonatawatches,men,boy";true;;Default Shipping Profile;default;variant_01J0CYEA88NCJSNKR60ATZNQVJ;Sonata-Watch;12;12345;50;false;true;70;48;45;10;12;IN;1;Mineral Glass;16.13;1445;17.29;Dial-Color;Golden;;;http://localhost:9000/uploads/1718421495684-img_2.jpg;http://localhost:9000/uploads/1718421495685-img_3.jpg;http://localhost:9000/uploads/1718421495685-img_4.jpg;;Default Sales Channel;Default Sales Channel;Created by Medusa
prod_01J0B7W9AW8MP4G45HNHGRCBDX;fastrack-watch;Fastrack Watch;Fastrack Quartz Analog Black Dial Black Stainless Steel Strap Watch for Guys;"The Fastrack Quartz Analog Black Dial Watch features a sleek and modern design tailored for men. It boasts a black stainless steel strap that complements its sophisticated black dial. The watch is equipped with a reliable quartz movement, ensuring precise timekeeping. Its bold, minimalistic dial includes simple hour markers and hands, enhancing readability and style. This timepiece effortlessly combines durability with contemporary aesthetics, making it a versatile accessory for various occasions.";published;http://localhost:9000/uploads/1718365137197-main_img1.jpg;100;48;40;10;123;IN;12;Material Glass;Merch;merch;;"watch,fastrack,fastrackwatches,boys,boywatches,new,style,black,golden,silver";true;;Default Shipping Profile;default;variant_01J0B8KY738E7YF428TGVBH4BP;Colors;WATCH-1;1234;25;false;false;100;48;40;10;123;IN;12;"Black, Golden, Silver";22.37;2000;24;;;;;http://localhost:9000/uploads/1718365180369-img2.jpg;http://localhost:9000/uploads/1718365180369-img3.jpg;http://localhost:9000/uploads/1718365180369-img4.jpg;http://localhost:9000/uploads/1718365180369-img5.jpg;Default Sales Channel;Default Sales Channel;Created by Medusa
prod_01J030BYE0ZX4ZQQM0JFRVXMQF;coffee-mug;Medusa Coffee Mug;;Every programmer's best friend.;published;https://medusa-public-images.s3.eu-west-1.amazonaws.com/coffee-mug.png;400;;;;;;;;Merch;merch;;;true;;Default Shipping Profile;default;variant_01J030BZP2S27K8H9H8TVEVC4S;One Size;;;100;false;true;;;;;;;;;12;;12;Size;One Size;;;https://medusa-public-images.s3.eu-west-1.amazonaws.com/coffee-mug.png;;;;Default Sales Channel;Default Sales Channel;Created by Medusa
prod_01J030BSBYEW5EE0RQNJGJPWBX;hoodie;Medusa Hoodie;;"Reimagine the feeling of a classic hoodie. With our cotton hoodie, everyday essentials no longer have to be ordinary.";published;https://medusa-public-images.s3.eu-west-1.amazonaws.com/black_hoodie_front.png;400;;;;;;;;Merch;merch;;;true;;Default Shipping Profile;default;variant_01J030BTJZK5GJ80BYKZPASH2E;S;;;100;false;true;;;;;;;;;41.5;;41.5;Size;S;;;https://medusa-public-images.s3.eu-west-1.amazonaws.com/black_hoodie_front.png;https://medusa-public-images.s3.eu-west-1.amazonaws.com/black_hoodie_back.png;;;Default Sales Channel;Default Sales Channel;Created by Medusa
prod_01J030BSBYEW5EE0RQNJGJPWBX;hoodie;Medusa Hoodie;;"Reimagine the feeling of a classic hoodie. With our cotton hoodie, everyday essentials no longer have to be ordinary.";published;https://medusa-public-images.s3.eu-west-1.amazonaws.com/black_hoodie_front.png;400;;;;;;;;Merch;merch;;;true;;Default Shipping Profile;default;variant_01J030BTK0TXN16YJ66EJ60MW4;M;;;100;false;true;;;;;;;;;41.5;;41.5;Size;M;;;https://medusa-public-images.s3.eu-west-1.amazonaws.com/black_hoodie_front.png;https://medusa-public-images.s3.eu-west-1.amazonaws.com/black_hoodie_back.png;;;Default Sales Channel;Default Sales Channel;Created by Medusa
prod_01J030BSBYEW5EE0RQNJGJPWBX;hoodie;Medusa Hoodie;;"Reimagine the feeling of a classic hoodie. With our cotton hoodie, everyday essentials no longer have to be ordinary.";published;https://medusa-public-images.s3.eu-west-1.amazonaws.com/black_hoodie_front.png;400;;;;;;;;Merch;merch;;;true;;Default Shipping Profile;default;variant_01J030BTK1KQ0XTEP2Q4VVJDSE;L;;;100;false;true;;;;;;;;;41.5;;41.5;Size;L;;;https://medusa-public-images.s3.eu-west-1.amazonaws.com/black_hoodie_front.png;https://medusa-public-images.s3.eu-west-1.amazonaws.com/black_hoodie_back.png;;;Default Sales Channel;Default Sales Channel;Created by Medusa
prod_01J030BSBYEW5EE0RQNJGJPWBX;hoodie;Medusa Hoodie;;"Reimagine the feeling of a classic hoodie. With our cotton hoodie, everyday essentials no longer have to be ordinary.";published;https://medusa-public-images.s3.eu-west-1.amazonaws.com/black_hoodie_front.png;400;;;;;;;;Merch;merch;;;true;;Default Shipping Profile;default;variant_01J030BTK21FBZ4EZ376E0YN45;XL;;;100;false;true;;;;;;;;;41.5;;41.5;Size;XL;;;https://medusa-public-images.s3.eu-west-1.amazonaws.com/black_hoodie_front.png;https://medusa-public-images.s3.eu-west-1.amazonaws.com/black_hoodie_back.png;;;Default Sales Channel;Default Sales Channel;Created by Medusa
prod_01J030BSBVBAC6RH4J035FEWKX;longsleeve;Medusa Longsleeve;;"Reimagine the feeling of a classic longsleeve. With our cotton longsleeve, everyday essentials no longer have to be ordinary.";published;https://medusa-public-images.s3.eu-west-1.amazonaws.com/ls-black-front.png;400;;;;;;;;Merch;merch;;;true;;Default Shipping Profile;default;variant_01J030BTG8QDK2NAFRY9HXNSS8;S;;;100;false;true;;;;;;;;;41.5;;41.5;Size;S;;;https://medusa-public-images.s3.eu-west-1.amazonaws.com/ls-black-front.png;https://medusa-public-images.s3.eu-west-1.amazonaws.com/ls-black-back.png;;;Default Sales Channel;Default Sales Channel;Created by Medusa
prod_01J030BSBVBAC6RH4J035FEWKX;longsleeve;Medusa Longsleeve;;"Reimagine the feeling of a classic longsleeve. With our cotton longsleeve, everyday essentials no longer have to be ordinary.";published;https://medusa-public-images.s3.eu-west-1.amazonaws.com/ls-black-front.png;400;;;;;;;;Merch;merch;;;true;;Default Shipping Profile;default;variant_01J030BTG95WBP6S21KRM2TR85;M;;;100;false;true;;;;;;;;;41.5;;41.5;Size;M;;;https://medusa-public-images.s3.eu-west-1.amazonaws.com/ls-black-front.png;https://medusa-public-images.s3.eu-west-1.amazonaws.com/ls-black-back.png;;;Default Sales Channel;Default Sales Channel;Created by Medusa
prod_01J030BSBVBAC6RH4J035FEWKX;longsleeve;Medusa Longsleeve;;"Reimagine the feeling of a classic longsleeve. With our cotton longsleeve, everyday essentials no longer have to be ordinary.";published;https://medusa-public-images.s3.eu-west-1.amazonaws.com/ls-black-front.png;400;;;;;;;;Merch;merch;;;true;;Default Shipping Profile;default;variant_01J030BTG96NM3JD3GVT02N3W1;L;;;100;false;true;;;;;;;;;41.5;;41.5;Size;L;;;https://medusa-public-images.s3.eu-west-1.amazonaws.com/ls-black-front.png;https://medusa-public-images.s3.eu-west-1.amazonaws.com/ls-black-back.png;;;Default Sales Channel;Default Sales Channel;Created by Medusa
prod_01J030BSBVBAC6RH4J035FEWKX;longsleeve;Medusa Longsleeve;;"Reimagine the feeling of a classic longsleeve. With our cotton longsleeve, everyday essentials no longer have to be ordinary.";published;https://medusa-public-images.s3.eu-west-1.amazonaws.com/ls-black-front.png;400;;;;;;;;Merch;merch;;;true;;Default Shipping Profile;default;variant_01J030BTGA5KMBCAPF6P1JN2NK;XL;;;100;false;true;;;;;;;;;41.5;;41.5;Size;XL;;;https://medusa-public-images.s3.eu-west-1.amazonaws.com/ls-black-front.png;https://medusa-public-images.s3.eu-west-1.amazonaws.com/ls-black-back.png;;;Default Sales Channel;Default Sales Channel;Created by Medusa
prod_01J030BS8V6D7Y574Z2J9F5P54;medusa-t-shirt;Medusa T-Shirt;;"Reimagine the feeling of a classic T-shirt. With our cotton T-shirts, everyday essentials no longer have to be ordinary.";published;https://medusa-public-images.s3.eu-west-1.amazonaws.com/tee-black-front.png;400;;;;;;;;Merch;merch;;;true;;Default Shipping Profile;default;variant_01J030BTJMDYHXH760WDFHXPR9;S / Black;;;99;false;true;;;;;;;;;22;;22;Size;S;Color;Black;https://medusa-public-images.s3.eu-west-1.amazonaws.com/tee-black-front.png;https://medusa-public-images.s3.eu-west-1.amazonaws.com/tee-black-back.png;https://medusa-public-images.s3.eu-west-1.amazonaws.com/tee-white-front.png;https://medusa-public-images.s3.eu-west-1.amazonaws.com/tee-white-back.png;Default Sales Channel;Default Sales Channel;Created by Medusa
prod_01J030BS8V6D7Y574Z2J9F5P54;medusa-t-shirt;Medusa T-Shirt;;"Reimagine the feeling of a classic T-shirt. With our cotton T-shirts, everyday essentials no longer have to be ordinary.";published;https://medusa-public-images.s3.eu-west-1.amazonaws.com/tee-black-front.png;400;;;;;;;;Merch;merch;;;true;;Default Shipping Profile;default;variant_01J030BTJNZ643F5GD07KV8WMC;S / White;;;100;false;true;;;;;;;;;22;;22;Size;S;Color;White;https://medusa-public-images.s3.eu-west-1.amazonaws.com/tee-black-front.png;https://medusa-public-images.s3.eu-west-1.amazonaws.com/tee-black-back.png;https://medusa-public-images.s3.eu-west-1.amazonaws.com/tee-white-front.png;https://medusa-public-images.s3.eu-west-1.amazonaws.com/tee-white-back.png;Default Sales Channel;Default Sales Channel;Created by Medusa
prod_01J030BS8V6D7Y574Z2J9F5P54;medusa-t-shirt;Medusa T-Shirt;;"Reimagine the feeling of a classic T-shirt. With our cotton T-shirts, everyday essentials no longer have to be ordinary.";published;https://medusa-public-images.s3.eu-west-1.amazonaws.com/tee-black-front.png;400;;;;;;;;Merch;merch;;;true;;Default Shipping Profile;default;variant_01J030BTJPY29WAD9HCVH6EQ3X;M / Black;;;100;false;true;;;;;;;;;22;;22;Size;M;Color;Black;https://medusa-public-images.s3.eu-west-1.amazonaws.com/tee-black-front.png;https://medusa-public-images.s3.eu-west-1.amazonaws.com/tee-black-back.png;https://medusa-public-images.s3.eu-west-1.amazonaws.com/tee-white-front.png;https://medusa-public-images.s3.eu-west-1.amazonaws.com/tee-white-back.png;Default Sales Channel;Default Sales Channel;Created by Medusa
prod_01J030BS8V6D7Y574Z2J9F5P54;medusa-t-shirt;Medusa T-Shirt;;"Reimagine the feeling of a classic T-shirt. With our cotton T-shirts, everyday essentials no longer have to be ordinary.";published;https://medusa-public-images.s3.eu-west-1.amazonaws.com/tee-black-front.png;400;;;;;;;;Merch;merch;;;true;;Default Shipping Profile;default;variant_01J030BTJQPJQG6KJP6MPANW7Z;M / White;;;100;false;true;;;;;;;;;22;;22;Size;M;Color;White;https://medusa-public-images.s3.eu-west-1.amazonaws.com/tee-black-front.png;https://medusa-public-images.s3.eu-west-1.amazonaws.com/tee-black-back.png;https://medusa-public-images.s3.eu-west-1.amazonaws.com/tee-white-front.png;https://medusa-public-images.s3.eu-west-1.amazonaws.com/tee-white-back.png;Default Sales Channel;Default Sales Channel;Created by Medusa
prod_01J030BS8V6D7Y574Z2J9F5P54;medusa-t-shirt;Medusa T-Shirt;;"Reimagine the feeling of a classic T-shirt. With our cotton T-shirts, everyday essentials no longer have to be ordinary.";published;https://medusa-public-images.s3.eu-west-1.amazonaws.com/tee-black-front.png;400;;;;;;;;Merch;merch;;;true;;Default Shipping Profile;default;variant_01J030BTJRJ5D2XM192NNSZECS;L / Black;;;100;false;true;;;;;;;;;22;;22;Size;L;Color;Black;https://medusa-public-images.s3.eu-west-1.amazonaws.com/tee-black-front.png;https://medusa-public-images.s3.eu-west-1.amazonaws.com/tee-black-back.png;https://medusa-public-images.s3.eu-west-1.amazonaws.com/tee-white-front.png;https://medusa-public-images.s3.eu-west-1.amazonaws.com/tee-white-back.png;Default Sales Channel;Default Sales Channel;Created by Medusa
prod_01J030BS8V6D7Y574Z2J9F5P54;medusa-t-shirt;Medusa T-Shirt;;"Reimagine the feeling of a classic T-shirt. With our cotton T-shirts, everyday essentials no longer have to be ordinary.";published;https://medusa-public-images.s3.eu-west-1.amazonaws.com/tee-black-front.png;400;;;;;;;;Merch;merch;;;true;;Default Shipping Profile;default;variant_01J030BTJRNQK7Y68R0ZB5SHD3;L / White;;;100;false;true;;;;;;;;;22;;22;Size;L;Color;White;https://medusa-public-images.s3.eu-west-1.amazonaws.com/tee-black-front.png;https://medusa-public-images.s3.eu-west-1.amazonaws.com/tee-black-back.png;https://medusa-public-images.s3.eu-west-1.amazonaws.com/tee-white-front.png;https://medusa-public-images.s3.eu-west-1.amazonaws.com/tee-white-back.png;Default Sales Channel;Default Sales Channel;Created by Medusa
prod_01J030BS8V6D7Y574Z2J9F5P54;medusa-t-shirt;Medusa T-Shirt;;"Reimagine the feeling of a classic T-shirt. With our cotton T-shirts, everyday essentials no longer have to be ordinary.";published;https://medusa-public-images.s3.eu-west-1.amazonaws.com/tee-black-front.png;400;;;;;;;;Merch;merch;;;true;;Default Shipping Profile;default;variant_01J030BTJS5XAHQ46J6YHHTT0G;XL / Black;;;100;false;true;;;;;;;;;22;;22;Size;XL;Color;Black;https://medusa-public-images.s3.eu-west-1.amazonaws.com/tee-black-front.png;https://medusa-public-images.s3.eu-west-1.amazonaws.com/tee-black-back.png;https://medusa-public-images.s3.eu-west-1.amazonaws.com/tee-white-front.png;https://medusa-public-images.s3.eu-west-1.amazonaws.com/tee-white-back.png;Default Sales Channel;Default Sales Channel;Created by Medusa
prod_01J030BS8V6D7Y574Z2J9F5P54;medusa-t-shirt;Medusa T-Shirt;;"Reimagine the feeling of a classic T-shirt. With our cotton T-shirts, everyday essentials no longer have to be ordinary.";published;https://medusa-public-images.s3.eu-west-1.amazonaws.com/tee-black-front.png;400;;;;;;;;Merch;merch;;;true;;Default Shipping Profile;default;variant_01J030BTJSNY253EA69K7DYK1Q;XL / White;;;100;false;true;;;;;;;;;22;;22;Size;XL;Color;White;https://medusa-public-images.s3.eu-west-1.amazonaws.com/tee-black-front.png;https://medusa-public-images.s3.eu-west-1.amazonaws.com/tee-black-back.png;https://medusa-public-images.s3.eu-west-1.amazonaws.com/tee-white-front.png;https://medusa-public-images.s3.eu-west-1.amazonaws.com/tee-white-back.png;Default Sales Channel;Default Sales Channel;Created by Medusa
prod_01J030BS8TWZ3J1HGDV9N7WWH4;sweatshirt;Medusa Sweatshirt;;"Reimagine the feeling of a classic sweatshirt. With our cotton sweatshirt, everyday essentials no longer have to be ordinary.";published;https://medusa-public-images.s3.eu-west-1.amazonaws.com/sweatshirt-vintage-front.png;400;;;;;;;;Merch;merch;;;true;;Default Shipping Profile;default;variant_01J030BTAWGF5VKHSF8ERJ6BT1;S;;;100;false;true;;;;;;;;;33.5;;33.5;Size;S;;;https://medusa-public-images.s3.eu-west-1.amazonaws.com/sweatshirt-vintage-front.png;https://medusa-public-images.s3.eu-west-1.amazonaws.com/sweatshirt-vintage-back.png;;;Default Sales Channel;Default Sales Channel;Created by Medusa
prod_01J030BS8TWZ3J1HGDV9N7WWH4;sweatshirt;Medusa Sweatshirt;;"Reimagine the feeling of a classic sweatshirt. With our cotton sweatshirt, everyday essentials no longer have to be ordinary.";published;https://medusa-public-images.s3.eu-west-1.amazonaws.com/sweatshirt-vintage-front.png;400;;;;;;;;Merch;merch;;;true;;Default Shipping Profile;default;variant_01J030BTAW21ZGV6CQ2NRAKW54;M;;;100;false;true;;;;;;;;;33.5;;33.5;Size;M;;;https://medusa-public-images.s3.eu-west-1.amazonaws.com/sweatshirt-vintage-front.png;https://medusa-public-images.s3.eu-west-1.amazonaws.com/sweatshirt-vintage-back.png;;;Default Sales Channel;Default Sales Channel;Created by Medusa
prod_01J030BS8TWZ3J1HGDV9N7WWH4;sweatshirt;Medusa Sweatshirt;;"Reimagine the feeling of a classic sweatshirt. With our cotton sweatshirt, everyday essentials no longer have to be ordinary.";published;https://medusa-public-images.s3.eu-west-1.amazonaws.com/sweatshirt-vintage-front.png;400;;;;;;;;Merch;merch;;;true;;Default Shipping Profile;default;variant_01J030BTB1RMN8WYAN90XSEW8F;L;;;100;false;true;;;;;;;;;33.5;;33.5;Size;L;;;https://medusa-public-images.s3.eu-west-1.amazonaws.com/sweatshirt-vintage-front.png;https://medusa-public-images.s3.eu-west-1.amazonaws.com/sweatshirt-vintage-back.png;;;Default Sales Channel;Default Sales Channel;Created by Medusa
prod_01J030BS8TWZ3J1HGDV9N7WWH4;sweatshirt;Medusa Sweatshirt;;"Reimagine the feeling of a classic sweatshirt. With our cotton sweatshirt, everyday essentials no longer have to be ordinary.";published;https://medusa-public-images.s3.eu-west-1.amazonaws.com/sweatshirt-vintage-front.png;400;;;;;;;;Merch;merch;;;true;;Default Shipping Profile;default;variant_01J030BTB2CE92NG0FC02FN9Z1;XL;;;100;false;true;;;;;;;;;33.5;;33.5;Size;XL;;;https://medusa-public-images.s3.eu-west-1.amazonaws.com/sweatshirt-vintage-front.png;https://medusa-public-images.s3.eu-west-1.amazonaws.com/sweatshirt-vintage-back.png;;;Default Sales Channel;Default Sales Channel;Created by Medusa
prod_01J030BS8RT5WK2QP8K32TPBTT;sweatpants;Medusa Sweatpants;;"Reimagine the feeling of classic sweatpants. With our cotton sweatpants, everyday essentials no longer have to be ordinary.";published;https://medusa-public-images.s3.eu-west-1.amazonaws.com/sweatpants-gray-front.png;400;;;;;;;;Merch;merch;;;true;;Default Shipping Profile;default;variant_01J030BT9T67BD9H09Z1CY5P0K;S;;;100;false;true;;;;;;;;;33.5;;33.5;Size;S;;;https://medusa-public-images.s3.eu-west-1.amazonaws.com/sweatpants-gray-front.png;https://medusa-public-images.s3.eu-west-1.amazonaws.com/sweatpants-gray-back.png;;;Default Sales Channel;Default Sales Channel;Created by Medusa
prod_01J030BS8RT5WK2QP8K32TPBTT;sweatpants;Medusa Sweatpants;;"Reimagine the feeling of classic sweatpants. With our cotton sweatpants, everyday essentials no longer have to be ordinary.";published;https://medusa-public-images.s3.eu-west-1.amazonaws.com/sweatpants-gray-front.png;400;;;;;;;;Merch;merch;;;true;;Default Shipping Profile;default;variant_01J030BT9TWFVCF44RQHB08DQF;M;;;100;false;true;;;;;;;;;33.5;;33.5;Size;M;;;https://medusa-public-images.s3.eu-west-1.amazonaws.com/sweatpants-gray-front.png;https://medusa-public-images.s3.eu-west-1.amazonaws.com/sweatpants-gray-back.png;;;Default Sales Channel;Default Sales Channel;Created by Medusa
prod_01J030BS8RT5WK2QP8K32TPBTT;sweatpants;Medusa Sweatpants;;"Reimagine the feeling of classic sweatpants. With our cotton sweatpants, everyday essentials no longer have to be ordinary.";published;https://medusa-public-images.s3.eu-west-1.amazonaws.com/sweatpants-gray-front.png;400;;;;;;;;Merch;merch;;;true;;Default Shipping Profile;default;variant_01J030BT9VGA5BBS6NKVSS8PVT;L;;;100;false;true;;;;;;;;;33.5;;33.5;Size;L;;;https://medusa-public-images.s3.eu-west-1.amazonaws.com/sweatpants-gray-front.png;https://medusa-public-images.s3.eu-west-1.amazonaws.com/sweatpants-gray-back.png;;;Default Sales Channel;Default Sales Channel;Created by Medusa
prod_01J030BS8RT5WK2QP8K32TPBTT;sweatpants;Medusa Sweatpants;;"Reimagine the feeling of classic sweatpants. With our cotton sweatpants, everyday essentials no longer have to be ordinary.";published;https://medusa-public-images.s3.eu-west-1.amazonaws.com/sweatpants-gray-front.png;400;;;;;;;;Merch;merch;;;true;;Default Shipping Profile;default;variant_01J030BT9V1Q9D6D0TGJV30M12;XL;;;100;false;true;;;;;;;;;33.5;;33.5;Size;XL;;;https://medusa-public-images.s3.eu-west-1.amazonaws.com/sweatpants-gray-front.png;https://medusa-public-images.s3.eu-west-1.amazonaws.com/sweatpants-gray-back.png;;;Default Sales Channel;Default Sales Channel;Created by Medusa
prod_01J030BS88D73EZ7FHE0G98AHM;shorts;Medusa Shorts;;"Reimagine the feeling of classic shorts. With our cotton shorts, everyday essentials no longer have to be ordinary.";published;https://medusa-public-images.s3.eu-west-1.amazonaws.com/shorts-vintage-front.png;400;;;;;;;;Merch;merch;;;true;;Default Shipping Profile;default;variant_01J030BT9Y4PZC1N0G0V4E7DTH;S;;;100;false;true;;;;;;;;;28.5;;28.5;Size;S;;;https://medusa-public-images.s3.eu-west-1.amazonaws.com/shorts-vintage-front.png;https://medusa-public-images.s3.eu-west-1.amazonaws.com/shorts-vintage-back.png;;;Default Sales Channel;Default Sales Channel;Created by Medusa
prod_01J030BS88D73EZ7FHE0G98AHM;shorts;Medusa Shorts;;"Reimagine the feeling of classic shorts. With our cotton shorts, everyday essentials no longer have to be ordinary.";published;https://medusa-public-images.s3.eu-west-1.amazonaws.com/shorts-vintage-front.png;400;;;;;;;;Merch;merch;;;true;;Default Shipping Profile;default;variant_01J030BT9YDNSQER8X6DTSHJ41;M;;;100;false;true;;;;;;;;;28.5;;28.5;Size;M;;;https://medusa-public-images.s3.eu-west-1.amazonaws.com/shorts-vintage-front.png;https://medusa-public-images.s3.eu-west-1.amazonaws.com/shorts-vintage-back.png;;;Default Sales Channel;Default Sales Channel;Created by Medusa
prod_01J030BS88D73EZ7FHE0G98AHM;shorts;Medusa Shorts;;"Reimagine the feeling of classic shorts. With our cotton shorts, everyday essentials no longer have to be ordinary.";published;https://medusa-public-images.s3.eu-west-1.amazonaws.com/shorts-vintage-front.png;400;;;;;;;;Merch;merch;;;true;;Default Shipping Profile;default;variant_01J030BT9Z5P9YBRDE1BHZ0Q0B;L;;;100;false;true;;;;;;;;;28.5;;28.5;Size;L;;;https://medusa-public-images.s3.eu-west-1.amazonaws.com/shorts-vintage-front.png;https://medusa-public-images.s3.eu-west-1.amazonaws.com/shorts-vintage-back.png;;;Default Sales Channel;Default Sales Channel;Created by Medusa
prod_01J030BS88D73EZ7FHE0G98AHM;shorts;Medusa Shorts;;"Reimagine the feeling of classic shorts. With our cotton shorts, everyday essentials no longer have to be ordinary.";published;https://medusa-public-images.s3.eu-west-1.amazonaws.com/shorts-vintage-front.png;400;;;;;;;;Merch;merch;;;true;;Default Shipping Profile;default;variant_01J030BT9ZCP6D52DBJ16VF4VG;XL;;;100;false;true;;;;;;;;;28.5;;28.5;Size;XL;;;https://medusa-public-images.s3.eu-west-1.amazonaws.com/shorts-vintage-front.png;https://medusa-public-images.s3.eu-west-1.amazonaws.com/shorts-vintage-back.png;;;Default Sales Channel;Default Sales Channel;Created by Medusa
