[{"product.id":"prod_01J0CYE94ZSCVGY0VMXMR33RW6","product.handle":"sonata-watch","product.title":"Sonata Watch","product.subtitle":"Sonata Poze Quartz Analog Black Dial Metal Strap Watch for Men","product.description":"The Sonata Poze Quartz Analog Black Dial Metal Strap Watch for Men is a stylish and elegant timepiece designed for modern men. Featuring a sleek black dial with a metal strap, this watch combines sophistication with durability. It offers reliable quartz movement for accurate timekeeping and has a robust build suitable for everyday wear. The design is versatile, making it perfect for both formal and casual occasions. With its appealing aesthetics and functionality, it represents excellent value for money.","product.status":"published","product.thumbnail":"http://localhost:9000/uploads/1718421495717-main_img.jpg","product.weight":72,"product.length":48,"product.width":45,"product.height":11,"product.hs_code":12,"product.origin_country":"IN","product.mid_code":1,"product.material":"Mineral Glass","product.collection.title":"Merch","product.collection.handle":"merch","product.tags":[{"value":"watch"},{"value":"new"},{"value":"style"},{"value":"sonata"},{"value":"sonatawatches"},{"value":"men"},{"value":"boy"}],"product.discountable":true,"product.external_id":null,"__not_supported__":"default","variant.id":"variant_01J0CYEA88NCJSNKR60ATZNQVJ","variant.title":"Sonata-Watch","variant.sku":12,"variant.barcode":12345,"variant.inventory_quantity":50,"variant.allow_backorder":false,"variant.manage_inventory":true,"variant.weight":70,"variant.length":48,"variant.width":45,"variant.height":10,"variant.hs_code":12,"variant.origin_country":"IN","variant.mid_code":1,"variant.material":"Mineral Glass","variant.prices":[{"amount":1613,"currency_code":"EUR"},{"amount":144500,"currency_code":"INR"},{"amount":1729,"currency_code":"USD"}],"product.options":[{"title":"Dial-Color"}],"variant.options":[{"value":"Golden","_title":"Dial-Color"}],"product.images":["http://localhost:9000/uploads/1718421495684-img_2.jpg","http://localhost:9000/uploads/1718421495685-img_3.jpg","http://localhost:9000/uploads/1718421495685-img_4.jpg"],"product.sales_channels":[{"id":"Default Sales Channel"},{"name":"Default Sales Channel"},{"description":"Created by Medusa"}],"product.profile_id":"sp_01J02W3EKH85MTMQY7YKB752DH"},{"product.id":"prod_01J0B7W9AW8MP4G45HNHGRCBDX","product.handle":"fastrack-watch","product.title":"Fastrack Watch","product.subtitle":"Fastrack Quartz Analog Black Dial Black Stainless Steel Strap Watch for Guys","product.description":"The Fastrack Quartz Analog Black Dial Watch features a sleek and modern design tailored for men. It boasts a black stainless steel strap that complements its sophisticated black dial. The watch is equipped with a reliable quartz movement, ensuring precise timekeeping. Its bold, minimalistic dial includes simple hour markers and hands, enhancing readability and style. This timepiece effortlessly combines durability with contemporary aesthetics, making it a versatile accessory for various occasions.","product.status":"published","product.thumbnail":"http://localhost:9000/uploads/1718365137197-main_img1.jpg","product.weight":100,"product.length":48,"product.width":40,"product.height":10,"product.hs_code":123,"product.origin_country":"IN","product.mid_code":12,"product.material":"Material Glass","product.collection.title":"Merch","product.collection.handle":"merch","product.tags":[{"value":"watch"},{"value":"fastrack"},{"value":"fastrackwatches"},{"value":"boys"},{"value":"boywatches"},{"value":"new"},{"value":"style"},{"value":"black"},{"value":"golden"},{"value":"silver"}],"product.discountable":true,"product.external_id":null,"__not_supported__":"default","variant.id":"variant_01J0B8KY738E7YF428TGVBH4BP","variant.title":"Colors","variant.sku":"WATCH-1","variant.barcode":1234,"variant.inventory_quantity":25,"variant.allow_backorder":false,"variant.manage_inventory":false,"variant.weight":100,"variant.length":48,"variant.width":40,"variant.height":10,"variant.hs_code":123,"variant.origin_country":"IN","variant.mid_code":12,"variant.material":"Black, Golden, Silver","variant.prices":[{"amount":2237,"currency_code":"EUR"},{"amount":200000,"currency_code":"INR"},{"amount":2400,"currency_code":"USD"}],"product.options":[],"variant.options":[],"product.images":["http://localhost:9000/uploads/1718365180369-img2.jpg","http://localhost:9000/uploads/1718365180369-img3.jpg","http://localhost:9000/uploads/1718365180369-img4.jpg","http://localhost:9000/uploads/1718365180369-img5.jpg"],"product.sales_channels":[{"id":"Default Sales Channel"},{"name":"Default Sales Channel"},{"description":"Created by Medusa"}],"product.profile_id":"sp_01J02W3EKH85MTMQY7YKB752DH"},{"product.id":"prod_01J030BYE0ZX4ZQQM0JFRVXMQF","product.handle":"coffee-mug","product.title":"Medusa Coffee Mug","product.subtitle":null,"product.description":"Every programmer's best friend.","product.status":"published","product.thumbnail":"https://medusa-public-images.s3.eu-west-1.amazonaws.com/coffee-mug.png","product.weight":400,"product.length":null,"product.width":null,"product.height":null,"product.hs_code":null,"product.origin_country":null,"product.mid_code":null,"product.material":null,"product.collection.title":"Merch","product.collection.handle":"merch","product.tags":null,"product.discountable":true,"product.external_id":null,"__not_supported__":"default","variant.id":"variant_01J030BZP2S27K8H9H8TVEVC4S","variant.title":"One Size","variant.sku":null,"variant.barcode":null,"variant.inventory_quantity":100,"variant.allow_backorder":false,"variant.manage_inventory":true,"variant.weight":null,"variant.length":null,"variant.width":null,"variant.height":null,"variant.hs_code":null,"variant.origin_country":null,"variant.mid_code":null,"variant.material":null,"variant.prices":[{"amount":1200,"currency_code":"EUR"},{"amount":1200,"currency_code":"USD"}],"product.options":[{"title":"Size"}],"variant.options":[{"value":"One Size","_title":"Size"}],"product.images":["https://medusa-public-images.s3.eu-west-1.amazonaws.com/coffee-mug.png"],"product.sales_channels":[{"id":"Default Sales Channel"},{"name":"Default Sales Channel"},{"description":"Created by Medusa"}],"product.profile_id":"sp_01J02W3EKH85MTMQY7YKB752DH"},{"product.id":"prod_01J030BSBYEW5EE0RQNJGJPWBX","product.handle":"hoodie","product.title":"Medusa Hoodie","product.subtitle":null,"product.description":"Reimagine the feeling of a classic hoodie. With our cotton hoodie, everyday essentials no longer have to be ordinary.","product.status":"published","product.thumbnail":"https://medusa-public-images.s3.eu-west-1.amazonaws.com/black_hoodie_front.png","product.weight":400,"product.length":null,"product.width":null,"product.height":null,"product.hs_code":null,"product.origin_country":null,"product.mid_code":null,"product.material":null,"product.collection.title":"Merch","product.collection.handle":"merch","product.tags":null,"product.discountable":true,"product.external_id":null,"__not_supported__":"default","variant.id":"variant_01J030BTJZK5GJ80BYKZPASH2E","variant.title":"S","variant.sku":null,"variant.barcode":null,"variant.inventory_quantity":100,"variant.allow_backorder":false,"variant.manage_inventory":true,"variant.weight":null,"variant.length":null,"variant.width":null,"variant.height":null,"variant.hs_code":null,"variant.origin_country":null,"variant.mid_code":null,"variant.material":null,"variant.prices":[{"amount":4150,"currency_code":"EUR"},{"amount":4150,"currency_code":"USD"}],"product.options":[{"title":"Size"}],"variant.options":[{"value":"S","_title":"Size"}],"product.images":["https://medusa-public-images.s3.eu-west-1.amazonaws.com/black_hoodie_front.png","https://medusa-public-images.s3.eu-west-1.amazonaws.com/black_hoodie_back.png"],"product.sales_channels":[{"id":"Default Sales Channel"},{"name":"Default Sales Channel"},{"description":"Created by Medusa"}],"product.profile_id":"sp_01J02W3EKH85MTMQY7YKB752DH"},{"product.id":"prod_01J030BSBVBAC6RH4J035FEWKX","product.handle":"longsleeve","product.title":"Medusa Longsleeve","product.subtitle":null,"product.description":"Reimagine the feeling of a classic longsleeve. With our cotton longsleeve, everyday essentials no longer have to be ordinary.","product.status":"published","product.thumbnail":"https://medusa-public-images.s3.eu-west-1.amazonaws.com/ls-black-front.png","product.weight":400,"product.length":null,"product.width":null,"product.height":null,"product.hs_code":null,"product.origin_country":null,"product.mid_code":null,"product.material":null,"product.collection.title":"Merch","product.collection.handle":"merch","product.tags":null,"product.discountable":true,"product.external_id":null,"__not_supported__":"default","variant.id":"variant_01J030BTG8QDK2NAFRY9HXNSS8","variant.title":"S","variant.sku":null,"variant.barcode":null,"variant.inventory_quantity":100,"variant.allow_backorder":false,"variant.manage_inventory":true,"variant.weight":null,"variant.length":null,"variant.width":null,"variant.height":null,"variant.hs_code":null,"variant.origin_country":null,"variant.mid_code":null,"variant.material":null,"variant.prices":[{"amount":4150,"currency_code":"EUR"},{"amount":4150,"currency_code":"USD"}],"product.options":[{"title":"Size"}],"variant.options":[{"value":"S","_title":"Size"}],"product.images":["https://medusa-public-images.s3.eu-west-1.amazonaws.com/ls-black-front.png","https://medusa-public-images.s3.eu-west-1.amazonaws.com/ls-black-back.png"],"product.sales_channels":[{"id":"Default Sales Channel"},{"name":"Default Sales Channel"},{"description":"Created by Medusa"}],"product.profile_id":"sp_01J02W3EKH85MTMQY7YKB752DH"},{"product.id":"prod_01J030BS8V6D7Y574Z2J9F5P54","product.handle":"medusa-t-shirt","product.title":"Medusa T-Shirt","product.subtitle":null,"product.description":"Reimagine the feeling of a classic T-shirt. With our cotton T-shirts, everyday essentials no longer have to be ordinary.","product.status":"published","product.thumbnail":"https://medusa-public-images.s3.eu-west-1.amazonaws.com/tee-black-front.png","product.weight":400,"product.length":null,"product.width":null,"product.height":null,"product.hs_code":null,"product.origin_country":null,"product.mid_code":null,"product.material":null,"product.collection.title":"Merch","product.collection.handle":"merch","product.tags":null,"product.discountable":true,"product.external_id":null,"__not_supported__":"default","variant.id":"variant_01J030BTJMDYHXH760WDFHXPR9","variant.title":"S / Black","variant.sku":null,"variant.barcode":null,"variant.inventory_quantity":99,"variant.allow_backorder":false,"variant.manage_inventory":true,"variant.weight":null,"variant.length":null,"variant.width":null,"variant.height":null,"variant.hs_code":null,"variant.origin_country":null,"variant.mid_code":null,"variant.material":null,"variant.prices":[{"amount":2200,"currency_code":"EUR"},{"amount":2200,"currency_code":"USD"}],"product.options":[{"title":"Size"},{"title":"Color"}],"variant.options":[{"value":"S","_title":"Size"},{"value":"Black","_title":"Color"}],"product.images":["https://medusa-public-images.s3.eu-west-1.amazonaws.com/tee-black-front.png","https://medusa-public-images.s3.eu-west-1.amazonaws.com/tee-black-back.png","https://medusa-public-images.s3.eu-west-1.amazonaws.com/tee-white-front.png","https://medusa-public-images.s3.eu-west-1.amazonaws.com/tee-white-back.png"],"product.sales_channels":[{"id":"Default Sales Channel"},{"name":"Default Sales Channel"},{"description":"Created by Medusa"}],"product.profile_id":"sp_01J02W3EKH85MTMQY7YKB752DH"},{"product.id":"prod_01J030BS8TWZ3J1HGDV9N7WWH4","product.handle":"sweatshirt","product.title":"Medusa Sweatshirt","product.subtitle":null,"product.description":"Reimagine the feeling of a classic sweatshirt. With our cotton sweatshirt, everyday essentials no longer have to be ordinary.","product.status":"published","product.thumbnail":"https://medusa-public-images.s3.eu-west-1.amazonaws.com/sweatshirt-vintage-front.png","product.weight":400,"product.length":null,"product.width":null,"product.height":null,"product.hs_code":null,"product.origin_country":null,"product.mid_code":null,"product.material":null,"product.collection.title":"Merch","product.collection.handle":"merch","product.tags":null,"product.discountable":true,"product.external_id":null,"__not_supported__":"default","variant.id":"variant_01J030BTAWGF5VKHSF8ERJ6BT1","variant.title":"S","variant.sku":null,"variant.barcode":null,"variant.inventory_quantity":100,"variant.allow_backorder":false,"variant.manage_inventory":true,"variant.weight":null,"variant.length":null,"variant.width":null,"variant.height":null,"variant.hs_code":null,"variant.origin_country":null,"variant.mid_code":null,"variant.material":null,"variant.prices":[{"amount":3350,"currency_code":"EUR"},{"amount":3350,"currency_code":"USD"}],"product.options":[{"title":"Size"}],"variant.options":[{"value":"S","_title":"Size"}],"product.images":["https://medusa-public-images.s3.eu-west-1.amazonaws.com/sweatshirt-vintage-front.png","https://medusa-public-images.s3.eu-west-1.amazonaws.com/sweatshirt-vintage-back.png"],"product.sales_channels":[{"id":"Default Sales Channel"},{"name":"Default Sales Channel"},{"description":"Created by Medusa"}],"product.profile_id":"sp_01J02W3EKH85MTMQY7YKB752DH"},{"product.id":"prod_01J030BS8RT5WK2QP8K32TPBTT","product.handle":"sweatpants","product.title":"Medusa Sweatpants","product.subtitle":null,"product.description":"Reimagine the feeling of classic sweatpants. With our cotton sweatpants, everyday essentials no longer have to be ordinary.","product.status":"published","product.thumbnail":"https://medusa-public-images.s3.eu-west-1.amazonaws.com/sweatpants-gray-front.png","product.weight":400,"product.length":null,"product.width":null,"product.height":null,"product.hs_code":null,"product.origin_country":null,"product.mid_code":null,"product.material":null,"product.collection.title":"Merch","product.collection.handle":"merch","product.tags":null,"product.discountable":true,"product.external_id":null,"__not_supported__":"default","variant.id":"variant_01J030BT9T67BD9H09Z1CY5P0K","variant.title":"S","variant.sku":null,"variant.barcode":null,"variant.inventory_quantity":100,"variant.allow_backorder":false,"variant.manage_inventory":true,"variant.weight":null,"variant.length":null,"variant.width":null,"variant.height":null,"variant.hs_code":null,"variant.origin_country":null,"variant.mid_code":null,"variant.material":null,"variant.prices":[{"amount":3350,"currency_code":"EUR"},{"amount":3350,"currency_code":"USD"}],"product.options":[{"title":"Size"}],"variant.options":[{"value":"S","_title":"Size"}],"product.images":["https://medusa-public-images.s3.eu-west-1.amazonaws.com/sweatpants-gray-front.png","https://medusa-public-images.s3.eu-west-1.amazonaws.com/sweatpants-gray-back.png"],"product.sales_channels":[{"id":"Default Sales Channel"},{"name":"Default Sales Channel"},{"description":"Created by Medusa"}],"product.profile_id":"sp_01J02W3EKH85MTMQY7YKB752DH"},{"product.id":"prod_01J030BS88D73EZ7FHE0G98AHM","product.handle":"shorts","product.title":"Medusa Shorts","product.subtitle":null,"product.description":"Reimagine the feeling of classic shorts. With our cotton shorts, everyday essentials no longer have to be ordinary.","product.status":"published","product.thumbnail":"https://medusa-public-images.s3.eu-west-1.amazonaws.com/shorts-vintage-front.png","product.weight":400,"product.length":null,"product.width":null,"product.height":null,"product.hs_code":null,"product.origin_country":null,"product.mid_code":null,"product.material":null,"product.collection.title":"Merch","product.collection.handle":"merch","product.tags":null,"product.discountable":true,"product.external_id":null,"__not_supported__":"default","variant.id":"variant_01J030BT9Y4PZC1N0G0V4E7DTH","variant.title":"S","variant.sku":null,"variant.barcode":null,"variant.inventory_quantity":100,"variant.allow_backorder":false,"variant.manage_inventory":true,"variant.weight":null,"variant.length":null,"variant.width":null,"variant.height":null,"variant.hs_code":null,"variant.origin_country":null,"variant.mid_code":null,"variant.material":null,"variant.prices":[{"amount":2850,"currency_code":"EUR"},{"amount":2850,"currency_code":"USD"}],"product.options":[{"title":"Size"}],"variant.options":[{"value":"S","_title":"Size"}],"product.images":["https://medusa-public-images.s3.eu-west-1.amazonaws.com/shorts-vintage-front.png","https://medusa-public-images.s3.eu-west-1.amazonaws.com/shorts-vintage-back.png"],"product.sales_channels":[{"id":"Default Sales Channel"},{"name":"Default Sales Channel"},{"description":"Created by Medusa"}],"product.profile_id":"sp_01J02W3EKH85MTMQY7YKB752DH"}]