[{"product.id":"prod_01J0D0B391B4R6GXFSW1CAHT0P","product.handle":"Sonata-Watch","product.title":"Sonata","product.subtitle":"Sonata Poze Quartz Analog White Dial Leather Strap Watch for Men","product.description":"The Sonata Poze Quartz Analog White Dial Leather Strap Watch for Men is a stylish timepiece featuring a clean white dial with clear hour markers, housed in a durable stainless steel case. It comes with a comfortable leather strap and offers precise quartz movement with water resistance up to 30 meters, making it a versatile accessory for both casual and formal occasions.","product.status":"published","product.thumbnail":"http://localhost:9000/uploads/1718423489798-SP70027SL01W_1.jpg","product.weight":9,"product.length":47,"product.width":41,"product.height":11,"product.hs_code":"VSBSG75892","product.origin_country":"IN","product.mid_code":"VSBSG75892","product.material":"Mineral Glass","product.collection.title":"Merch","product.collection.handle":"merch","product.tags":[{"value":"watch"},{"value":"men"},{"value":"style"},{"value":"trending"},{"value":"sonata"},{"value":"sonatawatch"}],"product.discountable":true,"product.external_id":null,"__not_supported__":"default","variant.id":"variant_01J0D0B3AYNVWVT5PAMT01FR3H","variant.title":"Sonata-watch","variant.sku":"ABC-p","variant.barcode":8596217,"variant.inventory_quantity":10,"variant.allow_backorder":false,"variant.manage_inventory":true,"variant.weight":50,"variant.length":47,"variant.width":41,"variant.height":9,"variant.hs_code":"VPBSG75883","variant.origin_country":"IN","variant.mid_code":"VSBSG75892","variant.material":"Mineral-Glass","variant.prices":[],"product.options":[{"title":"Color"}],"variant.options":[{"value":"Grey","_title":"Color"}],"product.images":["http://localhost:9000/uploads/1718423489770-SP70027SL01W_2.jpg","http://localhost:9000/uploads/1718423489770-SP70027SL01W_4.jpg","http://localhost:9000/uploads/1718423489771-SP70027SL01W_5.jpg"],"product.sales_channels":[{"id":"Default Sales Channel"},{"name":"Default Sales Channel"},{"description":"Created by Medusa"}],"product.profile_id":"sp_01J02W3EKH85MTMQY7YKB752DH"},{"product.id":"prod_01J0CXM7BS0WM70T4S3T1M5VMF","product.handle":"coffee-mug","product.title":"Medusa Coffee Mug","product.subtitle":null,"product.description":"Every programmer's best friend.","product.status":"published","product.thumbnail":"https://medusa-public-images.s3.eu-west-1.amazonaws.com/coffee-mug.png","product.weight":400,"product.length":null,"product.width":null,"product.height":null,"product.hs_code":null,"product.origin_country":null,"product.mid_code":null,"product.material":null,"product.collection.title":"Merch","product.collection.handle":"merch","product.tags":null,"product.discountable":true,"product.external_id":null,"__not_supported__":"default","variant.id":"variant_01J0CXM7FR5TTWT1X8G6PH6MCS","variant.title":"One Size","variant.sku":null,"variant.barcode":null,"variant.inventory_quantity":100,"variant.allow_backorder":false,"variant.manage_inventory":true,"variant.weight":null,"variant.length":null,"variant.width":null,"variant.height":null,"variant.hs_code":null,"variant.origin_country":null,"variant.mid_code":null,"variant.material":null,"variant.prices":[{"amount":1200,"currency_code":"EUR"},{"amount":1200,"currency_code":"USD"}],"product.options":[{"title":"Size"}],"variant.options":[{"value":"One Size","_title":"Size"}],"product.images":["https://medusa-public-images.s3.eu-west-1.amazonaws.com/coffee-mug.png"],"product.sales_channels":[{"id":"Default Sales Channel"},{"name":"Default Sales Channel"},{"description":"Created by Medusa"}],"product.profile_id":"sp_01J02W3EKH85MTMQY7YKB752DH"},{"product.id":"prod_01J0CXM7BVKV2CZK21P6KHX49Q","product.handle":"longsleeve","product.title":"Medusa Longsleeve","product.subtitle":null,"product.description":"Reimagine the feeling of a classic longsleeve. With our cotton longsleeve, everyday essentials no longer have to be ordinary.","product.status":"published","product.thumbnail":"https://medusa-public-images.s3.eu-west-1.amazonaws.com/ls-black-front.png","product.weight":400,"product.length":null,"product.width":null,"product.height":null,"product.hs_code":null,"product.origin_country":null,"product.mid_code":null,"product.material":null,"product.collection.title":"Merch","product.collection.handle":"merch","product.tags":null,"product.discountable":true,"product.external_id":null,"__not_supported__":"default","variant.id":"variant_01J0CXM7FZKJ9K9C6K3G4BDZS5","variant.title":"S","variant.sku":null,"variant.barcode":null,"variant.inventory_quantity":100,"variant.allow_backorder":false,"variant.manage_inventory":true,"variant.weight":null,"variant.length":null,"variant.width":null,"variant.height":null,"variant.hs_code":null,"variant.origin_country":null,"variant.mid_code":null,"variant.material":null,"variant.prices":[{"amount":4150,"currency_code":"EUR"},{"amount":4150,"currency_code":"USD"}],"product.options":[{"title":"Size"}],"variant.options":[{"value":"S","_title":"Size"}],"product.images":["https://medusa-public-images.s3.eu-west-1.amazonaws.com/ls-black-front.png","https://medusa-public-images.s3.eu-west-1.amazonaws.com/ls-black-back.png"],"product.sales_channels":[{"id":"Default Sales Channel"},{"name":"Default Sales Channel"},{"description":"Created by Medusa"}],"product.profile_id":"sp_01J02W3EKH85MTMQY7YKB752DH"},{"product.id":"prod_01J0CXM79WZHVZ6G669MVSJ90C","product.handle":"hoodie","product.title":"Medusa Hoodie","product.subtitle":null,"product.description":"Reimagine the feeling of a classic hoodie. With our cotton hoodie, everyday essentials no longer have to be ordinary.","product.status":"published","product.thumbnail":"https://medusa-public-images.s3.eu-west-1.amazonaws.com/black_hoodie_front.png","product.weight":400,"product.length":null,"product.width":null,"product.height":null,"product.hs_code":null,"product.origin_country":null,"product.mid_code":null,"product.material":null,"product.collection.title":"Merch","product.collection.handle":"merch","product.tags":null,"product.discountable":true,"product.external_id":null,"__not_supported__":"default","variant.id":"variant_01J0CXM7D7MHCZCMCS9EXCSMJE","variant.title":"S","variant.sku":null,"variant.barcode":null,"variant.inventory_quantity":100,"variant.allow_backorder":false,"variant.manage_inventory":true,"variant.weight":null,"variant.length":null,"variant.width":null,"variant.height":null,"variant.hs_code":null,"variant.origin_country":null,"variant.mid_code":null,"variant.material":null,"variant.prices":[{"amount":4150,"currency_code":"EUR"},{"amount":4150,"currency_code":"USD"}],"product.options":[{"title":"Size"}],"variant.options":[{"value":"S","_title":"Size"}],"product.images":["https://medusa-public-images.s3.eu-west-1.amazonaws.com/black_hoodie_front.png","https://medusa-public-images.s3.eu-west-1.amazonaws.com/black_hoodie_back.png"],"product.sales_channels":[{"id":"Default Sales Channel"},{"name":"Default Sales Channel"},{"description":"Created by Medusa"}],"product.profile_id":"sp_01J02W3EKH85MTMQY7YKB752DH"},{"product.id":"prod_01J0CXM751ZP6XEV1RVXAHHZZN","product.handle":"shorts","product.title":"Medusa Shorts","product.subtitle":null,"product.description":"Reimagine the feeling of classic shorts. With our cotton shorts, everyday essentials no longer have to be ordinary.","product.status":"published","product.thumbnail":"https://medusa-public-images.s3.eu-west-1.amazonaws.com/shorts-vintage-front.png","product.weight":400,"product.length":null,"product.width":null,"product.height":null,"product.hs_code":null,"product.origin_country":null,"product.mid_code":null,"product.material":null,"product.collection.title":"Merch","product.collection.handle":"merch","product.tags":null,"product.discountable":true,"product.external_id":null,"__not_supported__":"default","variant.id":"variant_01J0CXM7A8SV58DD6SQPNQG5YZ","variant.title":"S","variant.sku":null,"variant.barcode":null,"variant.inventory_quantity":100,"variant.allow_backorder":false,"variant.manage_inventory":true,"variant.weight":null,"variant.length":null,"variant.width":null,"variant.height":null,"variant.hs_code":null,"variant.origin_country":null,"variant.mid_code":null,"variant.material":null,"variant.prices":[{"amount":2850,"currency_code":"EUR"},{"amount":2850,"currency_code":"USD"}],"product.options":[{"title":"Size"}],"variant.options":[{"value":"S","_title":"Size"}],"product.images":["https://medusa-public-images.s3.eu-west-1.amazonaws.com/shorts-vintage-front.png","https://medusa-public-images.s3.eu-west-1.amazonaws.com/shorts-vintage-back.png"],"product.sales_channels":[{"id":"Default Sales Channel"},{"name":"Default Sales Channel"},{"description":"Created by Medusa"}],"product.profile_id":"sp_01J02W3EKH85MTMQY7YKB752DH"},{"product.id":"prod_01J0CXM70SWAPXM5YED7EDZJXH","product.handle":"sweatpants","product.title":"Medusa Sweatpants","product.subtitle":null,"product.description":"Reimagine the feeling of classic sweatpants. With our cotton sweatpants, everyday essentials no longer have to be ordinary.","product.status":"published","product.thumbnail":"https://medusa-public-images.s3.eu-west-1.amazonaws.com/sweatpants-gray-front.png","product.weight":400,"product.length":null,"product.width":null,"product.height":null,"product.hs_code":null,"product.origin_country":null,"product.mid_code":null,"product.material":null,"product.collection.title":"Merch","product.collection.handle":"merch","product.tags":null,"product.discountable":true,"product.external_id":null,"__not_supported__":"default","variant.id":"variant_01J0CXM75STVYEZK0BV5HZ28V7","variant.title":"S","variant.sku":null,"variant.barcode":null,"variant.inventory_quantity":100,"variant.allow_backorder":false,"variant.manage_inventory":true,"variant.weight":null,"variant.length":null,"variant.width":null,"variant.height":null,"variant.hs_code":null,"variant.origin_country":null,"variant.mid_code":null,"variant.material":null,"variant.prices":[{"amount":3350,"currency_code":"EUR"},{"amount":3350,"currency_code":"USD"}],"product.options":[{"title":"Size"}],"variant.options":[{"value":"S","_title":"Size"}],"product.images":["https://medusa-public-images.s3.eu-west-1.amazonaws.com/sweatpants-gray-front.png","https://medusa-public-images.s3.eu-west-1.amazonaws.com/sweatpants-gray-back.png"],"product.sales_channels":[{"id":"Default Sales Channel"},{"name":"Default Sales Channel"},{"description":"Created by Medusa"}],"product.profile_id":"sp_01J02W3EKH85MTMQY7YKB752DH"},{"product.id":"prod_01J0CXM6X7CEAD6CXYNZ4B57Y0","product.handle":"sweatshirt","product.title":"Medusa Sweatshirt","product.subtitle":null,"product.description":"Reimagine the feeling of a classic sweatshirt. With our cotton sweatshirt, everyday essentials no longer have to be ordinary.","product.status":"published","product.thumbnail":"https://medusa-public-images.s3.eu-west-1.amazonaws.com/sweatshirt-vintage-front.png","product.weight":400,"product.length":null,"product.width":null,"product.height":null,"product.hs_code":null,"product.origin_country":null,"product.mid_code":null,"product.material":null,"product.collection.title":"Merch","product.collection.handle":"merch","product.tags":null,"product.discountable":true,"product.external_id":null,"__not_supported__":"default","variant.id":"variant_01J0CXM6YTC2D1SKHYXGN1GAEX","variant.title":"S","variant.sku":null,"variant.barcode":null,"variant.inventory_quantity":100,"variant.allow_backorder":false,"variant.manage_inventory":true,"variant.weight":null,"variant.length":null,"variant.width":null,"variant.height":null,"variant.hs_code":null,"variant.origin_country":null,"variant.mid_code":null,"variant.material":null,"variant.prices":[{"amount":3350,"currency_code":"EUR"},{"amount":3350,"currency_code":"USD"}],"product.options":[{"title":"Size"}],"variant.options":[{"value":"S","_title":"Size"}],"product.images":["https://medusa-public-images.s3.eu-west-1.amazonaws.com/sweatshirt-vintage-front.png","https://medusa-public-images.s3.eu-west-1.amazonaws.com/sweatshirt-vintage-back.png"],"product.sales_channels":[{"id":"Default Sales Channel"},{"name":"Default Sales Channel"},{"description":"Created by Medusa"}],"product.profile_id":"sp_01J02W3EKH85MTMQY7YKB752DH"},{"product.id":"prod_01J0CXM6SV2D6MKXJ86EY84A9Y","product.handle":"medusa-t-shirt","product.title":"Medusa T-Shirt","product.subtitle":null,"product.description":"Reimagine the feeling of a classic T-shirt. With our cotton T-shirts, everyday essentials no longer have to be ordinary.","product.status":"published","product.thumbnail":"https://medusa-public-images.s3.eu-west-1.amazonaws.com/tee-black-front.png","product.weight":400,"product.length":null,"product.width":null,"product.height":null,"product.hs_code":null,"product.origin_country":null,"product.mid_code":null,"product.material":null,"product.collection.title":"Merch","product.collection.handle":"merch","product.tags":null,"product.discountable":true,"product.external_id":null,"__not_supported__":"default","variant.id":"variant_01J0CXM6W8Q5JCWR2ZHEVWRPVC","variant.title":"S / Black","variant.sku":null,"variant.barcode":null,"variant.inventory_quantity":100,"variant.allow_backorder":false,"variant.manage_inventory":true,"variant.weight":null,"variant.length":null,"variant.width":null,"variant.height":null,"variant.hs_code":null,"variant.origin_country":null,"variant.mid_code":null,"variant.material":null,"variant.prices":[{"amount":2200,"currency_code":"EUR"},{"amount":2200,"currency_code":"USD"}],"product.options":[{"title":"Size"},{"title":"Color"}],"variant.options":[{"value":"S","_title":"Size"},{"value":"Black","_title":"Color"}],"product.images":["https://medusa-public-images.s3.eu-west-1.amazonaws.com/tee-black-front.png","https://medusa-public-images.s3.eu-west-1.amazonaws.com/tee-black-back.png","https://medusa-public-images.s3.eu-west-1.amazonaws.com/tee-white-front.png","https://medusa-public-images.s3.eu-west-1.amazonaws.com/tee-white-back.png"],"product.sales_channels":[{"id":"Default Sales Channel"},{"name":"Default Sales Channel"},{"description":"Created by Medusa"}],"product.profile_id":"sp_01J02W3EKH85MTMQY7YKB752DH"}]